,hanja,huneum,strokes,radical,read_level,write_level
0,加,더할 가,5,"力(힘력, 2획)",5급,4급
1,可,옳을 가,5,"口(입구, 3획)",5급,4급
2,價,값 가,15,"亻(사람인변, 2획)",5급Ⅱ,4급Ⅱ
3,家,집 가,10,"宀(갓머리, 3획)",7급Ⅱ,6급
4,歌,노래 가,14,"欠(하품흠, 4획)",7급,6급
5,各,각각 각,6,"口(입구, 3획)",6급Ⅱ,5급Ⅱ
6,角,뿔 각,7,"角(뿔각, 7획)",6급Ⅱ,5급Ⅱ
7,間,사이 간,12,"門(문문, 8획)",7급Ⅱ,6급
8,感,느낄 감,13,"心(마음심, 4획)",6급,5급
9,強,강할 강,11,"弓(활궁, 3획)",6급,5급
10,江,강 강,6,"氵(삼수변, 3획)",7급Ⅱ,6급
11,改,고칠 개,7,"攵(등글월문, 4획)",5급,4급
12,開,열 개,12,"門(문문, 8획)",6급,5급
13,客,손 객,9,"宀(갓머리, 3획)",5급Ⅱ,4급Ⅱ
14,去,갈 거,5,"厶(마늘모, 2획)",5급,4급
15,擧,들 거,18,"手(손수, 4획)",5급,4급
16,車,수레 거 | 수레 차,18,"車(수레거, 7획)",7급Ⅱ,6급
17,件,물건 건,6,"亻(사람인변, 2획)",5급,4급
18,健,굳셀 건,11,"亻(사람인변, 2획)",5급,4급
19,建,세울 건,9,"廴(민책받침, 3획)",5급,4급
20,格,격식 격,10,"木(나무목, 4획)",5급Ⅱ,4급Ⅱ
21,見,볼 견 | 뵈올 현,7,"見(볼견, 7획)",5급Ⅱ,4급Ⅱ
22,決,결단할 결,7,"氵(삼수변, 3획)",5급Ⅱ,4급Ⅱ
23,結,맺을 결,12,"糸(실사, 6획)",5급Ⅱ,4급Ⅱ
24,景,볕 경,12,"日(날일, 4획)",5급,4급
25,競,다툴 경,20,"立(설립, 5획)",5급,4급
26,輕,가벼울 경,14,"車(수레거, 7획)",5급,4급
27,敬,공경할 경,13,"攵(등글월문, 4획)",5급Ⅱ,4급Ⅱ
28,京,서울 경,8,"亠(돼지해머리, 2획)",6급,5급
29,界,지경 계,9,"田(밭전, 5획)",6급Ⅱ,5급Ⅱ
30,計,셀 계,9,"言(말씀언, 7획)",6급Ⅱ,5급Ⅱ
31,固,굳을 고,8,"囗(큰입구, 3획)",5급,4급
32,考,생각할 고,6,"耂(늙을로엄, 4획)",5급,4급
33,告,고할 고,7,"口(입구, 3획)",5급Ⅱ,4급Ⅱ
34,古,예 고,5,"口(입구, 3획)",6급,5급
35,苦,쓸 고,9,"艹(초두머리, 4획)",6급,5급
36,高,높을 고,10,"高(높을고, 10획)",6급Ⅱ,5급Ⅱ
37,曲,굽을 곡,6,"曰(가로왈, 4획)",5급,4급
38,公,공평할 공,4,"八(여덟팔, 2획)",6급Ⅱ,5급Ⅱ
39,共,한가지 공,6,"八(여덟팔, 2획)",6급Ⅱ,5급Ⅱ
40,功,공 공,5,"力(힘력, 2획)",6급Ⅱ,5급Ⅱ
41,工,장인 공,3,"工(장인공, 3획)",7급Ⅱ,6급
42,空,빌 공,8,"穴(구멍혈, 5획)",7급Ⅱ,6급
43,課,공부할 | 과정 과,15,"言(말씀언, 7획)",5급Ⅱ,4급Ⅱ
44,過,지날 과,13,"辶(책받침, 4획)",5급Ⅱ,4급Ⅱ
45,果,실과 과,8,"木(나무목, 4획)",6급Ⅱ,5급Ⅱ
46,科,과목 과,9,"禾(벼화, 5획)",6급Ⅱ,5급Ⅱ
47,觀,볼 관,25,"見(볼견, 7획)",5급Ⅱ,4급Ⅱ
48,關,관계할 관,19,"門(문문, 8획)",5급Ⅱ,4급Ⅱ
49,廣,넓을 광,15,"广(엄호, 3획)",5급Ⅱ,4급Ⅱ
50,光,빛 광,6,"儿(어진사람인발, 2획)",6급Ⅱ,5급Ⅱ
51,橋,다리 교,16,"木(나무목, 4획)",5급,4급
52,交,사귈 교,6,"亠(돼지해머리, 2획)",6급,5급
53,敎,가르칠 교,11,"攵(등글월문, 4획)",8급,6급Ⅱ
54,校,학교 교,10,"木(나무목, 4획)",8급,6급Ⅱ
55,救,구원할 구,11,"攵(등글월문, 4획)",5급,4급
56,具,갖출 구,8,"八(여덟팔, 2획)",5급Ⅱ,4급Ⅱ
57,舊,예 구,18,"臼(절구구, 6획)",5급Ⅱ,4급Ⅱ
58,區,구분할 | 지경 구,11,"匸(감출혜, 2획)",6급,5급
59,球,공 구,11,"王(구슬옥변, 4획)",6급Ⅱ,5급Ⅱ
60,口,입 구,3,"口(입구, 3획)",7급,6급
61,九,아홉 구,2,"乙(새을, 1획)",8급,6급Ⅱ
62,局,판 국,7,"尸(주검시, 3획)",5급Ⅱ,4급Ⅱ
63,國,나라 국,11,"囗(큰입구, 3획)",8급,6급Ⅱ
64,郡,고을 군,10,"阝(우부방, 3획)",6급,5급
65,軍,군사 군,9,"車(수레거, 7획)",8급,6급Ⅱ
66,貴,귀할 귀,12,"貝(조개패, 7획)",5급,4급
67,規,법 규,11,"見(볼견, 7획)",5급,4급
68,根,뿌리 근,10,"木(나무목, 4획)",6급,5급
69,近,가까울 근,8,"辶(책받침, 4획)",6급,5급
70,今,이제 금,4,"人(사람인, 2획)",6급Ⅱ,5급Ⅱ
71,金,쇠 금 | 성 김,16,"金(쇠금, 8획)",8급,6급Ⅱ
72,給,줄 급,12,"糸(실사, 6획)",5급,4급
73,急,급할 급,9,"心(마음심, 4획)",6급Ⅱ,5급Ⅱ
74,級,등급 급,10,"糸(실사, 6획)",6급,5급
75,技,재주 기,7,"扌(재방변, 3획)",5급,4급
76,期,기약할 기,12,"月(달월, 4획)",5급,4급
77,汽,물끓는김 기,7,"氵(삼수변, 3획)",5급,4급
78,基,터 기,11,"土(흙토, 3획)",5급Ⅱ,4급Ⅱ
79,己,몸 기,3,"己(몸기, 3획)",5급Ⅱ,4급Ⅱ
80,旗,기 기,14,"方(모방, 4획)",7급,6급
81,氣,기운 기,10,"气(기운기, 4획)",7급Ⅱ,6급
82,記,기록할 기,10,"言(말씀언, 7획)",7급Ⅱ,6급
83,吉,길할 길,6,"口(입구, 3획)",5급,4급
84,男,사내 남,7,"田(밭전, 5획)",7급Ⅱ,6급
85,南,남녘 남,9,"十(열십, 2획)",8급,6급Ⅱ
86,內,안 내,4,"入(들입, 2획)",7급Ⅱ,6급
87,女,계집 녀,3,"女(여자녀, 3획)",8급,6급Ⅱ
88,年,해 년,6,"干(방패간, 3획)",8급,6급Ⅱ
89,念,생각 념,8,"心(마음심, 4획)",5급Ⅱ,4급Ⅱ
90,農,농사 농,13,"辰(별진, 7획)",7급Ⅱ,6급
91,能,능할 능,10,"月(육달월, 4획)",5급Ⅱ,4급Ⅱ
92,多,많을 다,6,"夕(저녁석, 3획)",6급,5급
93,壇,단 단,16,"土(흙토, 3획)",5급,4급
94,團,둥글 단,14,"囗(큰입구, 3획)",5급Ⅱ,4급Ⅱ
95,短,짧을 단,12,"矢(화살시, 5획)",6급Ⅱ,5급Ⅱ
96,談,말씀 담,15,"言(말씀언, 7획)",5급,4급
97,答,대답 답,12,"竹(대죽, 6획)",7급Ⅱ,6급
98,堂,집 당,11,"土(흙토, 3획)",6급Ⅱ,5급Ⅱ
99,當,마땅 당,13,"田(밭전, 5획)",5급Ⅱ,4급Ⅱ
100,代,대신할 대,5,"亻(사람인변, 2획)",6급Ⅱ,5급Ⅱ
101,對,대할 대,14,"寸(마디촌, 3획)",6급Ⅱ,5급Ⅱ
102,待,기다릴 대,9,"彳(두인변, 3획)",6급,5급
103,大,큰 대,3,"大(큰대, 3획)",8급,6급Ⅱ
104,德,큰 덕,15,"彳(두인변, 3획)",5급Ⅱ,4급Ⅱ
105,島,섬 도,10,"山(메산, 3획)",5급,4급
106,都,도읍 도,12,"阝(우부방, 3획)",5급,4급
107,到,이를 도,8,"刂(선칼도방, 2획)",5급Ⅱ,4급Ⅱ
108,圖,그림도,14,"囗(큰입구, 3획)",6급Ⅱ,5급Ⅱ
109,度,법도 도 | 헤아릴 탁,9,"广(엄호, 3획)",6급,5급
110,道,길 도,13,"辶(책받침, 4획)",7급Ⅱ,6급
111,獨,홀로 독,16,"犭(개사슴록변, 3획)",5급Ⅱ,4급Ⅱ
112,讀,읽을 독 | 구절 두,22,"言(말씀언, 7획)",6급Ⅱ,5급Ⅱ
113,童,아이 동,12,"立(설립, 5획)",6급Ⅱ,5급Ⅱ
114,冬,겨울 동,5,"冫(이수변, 2획)",7급,6급
115,動,움직일 동,11,"力(힘력, 2획)",7급Ⅱ,6급
116,同,한가지 동,6,"口(입구, 3획)",7급,6급
117,洞,골 동 | 밝을 통,9,"氵(삼수변, 3획)",7급,6급
118,東,동녘 동,8,"木(나무목, 4획)",8급,6급Ⅱ
119,頭,머리 두,16,"頁(머리혈, 9획)",6급,5급
120,等,무리 등,12,"竹(대죽, 6획)",6급Ⅱ,5급Ⅱ
121,登,오를 등,12,"癶(필발머리, 5획)",7급,6급
122,落,떨어질 락,13,"艹(초두머리, 4획)",5급,4급
123,樂,즐길 락 | 노래 악 | 좋아할 요,15,"木(나무목, 4획)",6급Ⅱ,5급Ⅱ
124,朗,밝을 랑,11,"月(달월, 4획)",5급Ⅱ,4급Ⅱ
125,來,올 래,8,"人(사람인, 2획)",7급,6급
126,冷,찰 랭,7,"冫(이수변, 2획)",5급,4급
127,量,헤아릴 량,12,"里(마을리, 7획)",5급,4급
128,良,어질 량,7,"艮(괘이름간, 6획)",5급Ⅱ,4급Ⅱ
129,旅,나그네 려,10,"方(모방, 4획)",5급Ⅱ,4급Ⅱ
130,歷,지날 력,16,"止(그칠지, 4획)",5급Ⅱ,4급Ⅱ
131,力,힘 력,2,"力(힘력, 2획)",7급Ⅱ,6급
132,練,익힐 련,15,"糸(실사, 6획)",5급Ⅱ,4급Ⅱ
133,令,하여금 령,5,"人(사람인, 2획)",5급,4급
134,領,거느릴 령,14,"頁(머리혈, 9획)",5급,4급
135,例,법식 례,8,"亻(사람인변, 2획)",6급,5급
136,禮,예도 례,18,"示(보일시, 5획)",6급,5급
137,勞,일할 로,12,"力(힘력, 2획)",5급Ⅱ,4급Ⅱ
138,路,길 로,13,"足(발족, 7획)",6급,5급
139,老,늙을 로,6,"老(늙을로, 6획)",7급,6급
140,綠,푸를 록,14,"糸(실사, 6획)",6급,5급
141,料,헤아릴 료,10,"斗(말두, 4획)",5급,4급
142,流,흐를 류,10,"氵(삼수변, 3획)",5급Ⅱ,4급Ⅱ
143,類,무리 류,19,"頁(머리혈, 9획)",5급Ⅱ,4급Ⅱ
144,陸,뭍 륙,11,"阝(좌부변, 3획)",5급Ⅱ,4급Ⅱ
145,六,여섯 륙,4,"八(여덟팔, 2획)",8급,6급Ⅱ
146,利,이할 리,7,"刂(선칼도방, 2획)",6급Ⅱ,5급Ⅱ
147,李,오얏 | 성 리,7,"木(나무목, 4획)",6급,5급
148,理,다스릴 리,11,"王(구슬옥변, 4획)",6급Ⅱ,5급Ⅱ
149,里,마을 리,7,"里(마을리, 7획)",7급,6급
150,林,수풀 림,8,"木(나무목, 4획)",7급,6급
151,立,설 립,5,"立(설립, 5획)",7급Ⅱ,6급
152,馬,말 마,10,"馬(말마, 10획)",5급,4급
153,萬,일만 만,13,"艹(초두머리, 4획)",8급,6급Ⅱ
154,末,끝 말,5,"木(나무목, 4획)",5급,4급
155,亡,망할 망,3,"亠(돼지해머리, 2획)",5급,4급
156,望,바랄 망,11,"月(달월, 4획)",5급Ⅱ,4급Ⅱ
157,買,살 매,12,"貝(조개패, 7획)",5급,4급
158,賣,팔 매,15,"貝(조개패, 7획)",5급,4급
159,每,매양 매,7,"毋(말무, 4획)",7급Ⅱ,6급
160,面,낯 면,9,"面(낯면, 9획)",7급,6급
161,明,밝을 명,8,"日(날일, 4획)",6급Ⅱ,5급Ⅱ
162,名,이름 명,6,"口(입구, 3획)",7급Ⅱ,6급
163,命,목숨 명,8,"口(입구, 3획)",7급,6급
164,母,어미 모,5,"毋(말무, 4획)",8급,6급Ⅱ
165,目,눈목,5,"目(눈목, 5획)",6급,5급
166,木,나무목,4,"木(나무목, 4획)",8급,6급Ⅱ
167,無,없을 무,12,"灬(연화발, 4획)",5급,4급
168,聞,들을 문,14,"耳(귀이, 6획)",6급Ⅱ,5급Ⅱ
169,問,물을 문,11,"口(입구, 3획)",7급,6급
170,文,글월 문,4,"文(글월문, 4획)",7급,6급
171,門,문 문,8,"門(문문, 8획)",8급,6급Ⅱ
172,物,물건 물,8,"牛(소우, 4획)",7급Ⅱ,6급
173,米,쌀 미,6,"米(쌀미, 6획)",6급,5급
174,美,아름다울 미,9,"羊(양양, 6획)",6급,5급
175,民,백성 민,5,"氏(각시씨, 4획)",8급,6급Ⅱ
176,朴,성 박,6,"木(나무목, 4획)",6급,5급
177,半,반 반,5,"十(열십, 2획)",6급Ⅱ,5급Ⅱ
178,反,돌이킬 | 돌아올 반,4,"又(또우, 2획)",6급Ⅱ,5급Ⅱ
179,班,나눌 반,10,"王(구슬옥변, 4획)",6급Ⅱ,5급Ⅱ
180,發,필 발,12,"癶(필발머리, 5획)",6급Ⅱ,5급Ⅱ
181,放,놓을 방,8,"攵(등글월문, 4획)",6급Ⅱ,5급Ⅱ
182,方,모 방,4,"方(모방, 4획)",7급Ⅱ,6급
183,倍,곱 배,10,"亻(사람인변, 2획)",5급,4급
184,百,일백 백,6,"白(흰백, 5획)",7급,6급
185,白,흰 백,5,"白(흰백, 5획)",8급,6급Ⅱ
186,番,차례 번,12,"田(밭전, 5획)",6급,5급
187,法,법 법,8,"氵(삼수변, 3획)",5급Ⅱ,4급Ⅱ
188,變,변할 변,23,"言(말씀언, 7획)",5급Ⅱ,4급Ⅱ
189,別,다를 | 나눌 별,7,"刂(선칼도방, 2획)",6급,5급
190,兵,병사 병,7,"八(여덟팔, 2획)",5급Ⅱ,4급Ⅱ
191,病,병 병,10,"疒(병질, 5획)",6급,5급
192,福,복 복,14,"示(보일시, 5획)",5급Ⅱ,4급Ⅱ
193,服,옷 복,8,"月(달월, 4획)",6급,5급
194,本,근본 본,5,"木(나무목, 4획)",6급,5급
195,奉,받들 봉,8,"大(큰대, 3획)",5급Ⅱ,4급Ⅱ
196,部,떼 부,11,"阝(우부방, 3획)",6급Ⅱ,5급Ⅱ
197,夫,지아비 부,4,"大(큰대, 3획)",7급,6급
198,父,아비 부,4,"父(아비부, 4획)",8급,6급Ⅱ
199,北,북녘 북 | 달아날 배,5,"匕(비수비, 2획)",8급,6급Ⅱ
200,分,나눌 분,4,"刀(칼도, 2획)",6급Ⅱ,5급Ⅱ
201,不,아닐 불,4,"一(한일, 1획)",7급Ⅱ,6급
202,比,견줄 비,4,"比(견줄비, 4획)",5급,4급
203,費,쓸 비,12,"貝(조개패, 7획)",5급,4급
204,鼻,코 비,14,"鼻(코비, 14획)",5급,4급
205,氷,얼음 빙,5,"水(물수, 4획)",5급,4급
206,寫,베낄 사,15,"宀(갓머리, 3획)",5급,4급
207,思,생각 사,9,"心(마음심, 4획)",5급,4급
208,査,조사할 사,9,"木(나무목, 4획)",5급,4급
209,仕,섬길 사,5,"亻(사람인변, 2획)",5급Ⅱ,4급Ⅱ
210,史,사기 사,5,"口(입구, 3획)",5급Ⅱ,4급Ⅱ
211,士,선비 사,3,"士(선비사, 3획)",5급Ⅱ,4급Ⅱ
212,使,하여금 | 부릴 사,8,"亻(사람인변, 2획)",6급,5급
213,死,죽을 사,6,"歹(죽을사변, 4획)",6급,5급
214,社,모일 사,8,"示(보일시, 5획)",6급Ⅱ,5급Ⅱ
215,事,일 사,8,"亅(갈고리궐, 1획)",7급Ⅱ,6급
216,四,넉 사,5,"囗(큰입구, 3획)",8급,6급Ⅱ
217,産,낳을 산,11,"生(날생, 5획)",5급Ⅱ,4급Ⅱ
218,算,셈 산,14,"竹(대죽, 6획)",7급,6급
219,山,메 산,3,"山(메산, 3획)",8급,6급Ⅱ
220,三,석 삼,3,"一(한일, 1획)",8급,6급Ⅱ
221,上,윗 상,3,"一(한일, 1획)",7급Ⅱ,6급
222,相,서로 상,9,"目(눈목, 5획)",5급Ⅱ,4급Ⅱ
223,商,장사 상,11,"口(입구, 3획)",5급Ⅱ,4급Ⅱ
224,賞,상줄 상,15,"貝(조개패, 7획)",5급,4급
225,色,빛 색,6,"色(빛색, 6획)",7급,6급
226,生,날 생,5,"生(날생, 5획)",8급,6급Ⅱ
227,序,차례 서,7,"广(엄호, 3획)",5급,4급
228,書,글 서,10,"曰(가로왈, 4획)",6급Ⅱ,5급Ⅱ
229,西,서녘 서,6,"襾(덮을아, 6획)",8급,6급Ⅱ
230,席,자리 석,10,"巾(수건건, 3획)",6급,5급
231,石,돌 석,5,"石(돌석, 5획)",6급,5급
232,夕,저녁 석,3,"夕(저녁석, 3획)",7급,6급
233,善,착할 선,12,"口(입구, 3획)",5급,4급
234,船,배 선,11,"舟(배주, 6획)",5급,4급
235,選,가릴 선,16,"辶(책받침, 4획)",5급,4급
236,仙,신선 선,5,"亻(사람인변, 2획)",5급Ⅱ,4급Ⅱ
237,鮮,고울 선,17,"魚(고기어, 11획)",5급Ⅱ,4급Ⅱ
238,線,줄 선,15,"糸(실사, 6획)",6급Ⅱ,5급Ⅱ
239,先,먼저 선,6,"儿(어진사람인발, 2획)",8급,6급Ⅱ
240,說,말씀 설 | 달랠 세,14,"言(말씀언, 7획)",5급Ⅱ,4급Ⅱ
241,雪,눈 설,11,"雨(비우, 8획)",6급Ⅱ,5급Ⅱ
242,性,성품 성,8,"忄(심방변, 3획)",5급Ⅱ,4급Ⅱ
243,成,이룰 성,7,"戈(창과, 4획)",6급Ⅱ,5급Ⅱ
244,省,살필 성 | 덜 생,9,"目(눈목, 5획)",6급Ⅱ,5급Ⅱ
245,姓,성 성,8,"女(여자녀, 3획)",7급Ⅱ,6급
246,歲,해 세,13,"止(그칠지, 4획)",5급Ⅱ,4급Ⅱ
247,洗,씻을 세,9,"氵(삼수변, 3획)",5급Ⅱ,4급Ⅱ
248,世,인간 세,5,"一(한일, 1획)",7급Ⅱ,6급
249,消,사라질 소,10,"氵(삼수변, 3획)",6급Ⅱ,5급Ⅱ
250,少,적을 소,4,"小(작을소, 3획)",7급,6급
251,所,바 소,8,"戶(지게호, 4획)",7급,6급
252,小,작을 소,3,"小(작을소, 3획)",8급,6급Ⅱ
253,束,묶을 속,7,"木(나무목, 4획)",5급Ⅱ,4급Ⅱ
254,速,빠를 속,11,"辶(책받침, 4획)",6급,5급
255,孫,손자 손,10,"子(아들자, 3획)",6급,5급
256,首,머리 수,9,"首(머리수, 9획)",5급Ⅱ,4급Ⅱ
257,樹,나무 수,16,"木(나무목, 4획)",6급,5급
258,手,손 수,4,"手(손수, 4획)",7급Ⅱ,6급
259,數,셈 수,15,"攵(등글월문, 4획)",7급,6급
260,水,물 수,4,"水(물수, 4획)",8급,6급Ⅱ
261,宿,잘 숙 | 별자리 수,11,"宀(갓머리, 3획)",5급Ⅱ,4급Ⅱ
262,順,순할 순,12,"頁(머리혈, 9획)",5급Ⅱ,4급Ⅱ
263,術,재주 술,11,"行(갈행, 6획)",6급Ⅱ,5급Ⅱ
264,習,익힐 습,11,"羽(깃우, 6획)",6급,5급
265,勝,이길 승,12,"力(힘력, 2획)",6급,5급
266,示,보일 시,5,"示(보일시, 5획)",5급,4급
267,始,비로소 시,8,"女(여자녀, 3획)",6급Ⅱ,5급Ⅱ
268,市,저자 시,5,"巾(수건건, 3획)",7급Ⅱ,6급
269,時,때 시,10,"日(날일, 4획)",7급Ⅱ,6급
270,識,알 식,19,"言(말씀언, 7획)",5급Ⅱ,4급Ⅱ
271,式,법 식,6,"弋(주살익, 3획)",6급,5급
272,植,심을 식,12,"木(나무목, 4획)",7급,6급
273,食,밥 | 먹을 식,9,"食(밥식, 9획)",7급Ⅱ,6급
274,臣,신하 신,6,"臣(신하신, 6획)",5급Ⅱ,4급Ⅱ
275,信,믿을 신,9,"亻(사람인변, 2획)",6급Ⅱ,5급Ⅱ
276,新,새 신,13,"斤(도끼근, 4획)",6급Ⅱ,5급Ⅱ
277,神,귀신 신,10,"示(보일시, 5획)",6급Ⅱ,5급Ⅱ
278,身,몸 신,7,"身(몸신, 7획)",6급Ⅱ,5급Ⅱ
279,實,열매 실,14,"宀(갓머리, 3획)",5급Ⅱ,4급Ⅱ
280,失,잃을 실,5,"大(큰대, 3획)",6급,5급
281,室,집 실,9,"宀(갓머리, 3획)",8급,6급Ⅱ
282,心,마음 심,4,"心(마음심, 4획)",7급,6급
283,十,열 십,2,"十(열십, 2획)",8급,6급Ⅱ
284,兒,아이 아,8,"儿(어진사람인발, 2획)",5급Ⅱ,4급Ⅱ
285,惡,악할 악 | 미워할 오,12,"心(마음심, 4획)",5급Ⅱ,4급Ⅱ
286,案,책상 안,10,"木(나무목, 4획)",5급,4급
287,安,편안 안,6,"宀(갓머리, 3획)",7급Ⅱ,6급
288,愛,사랑 애,13,"心(마음심, 4획)",6급,5급
289,夜,밤 야,8,"夕(저녁석, 3획)",6급,5급
290,野,들 야,11,"里(마을리, 7획)",6급,5급
291,約,맺을 약,9,"糸(실사, 6획)",5급Ⅱ,4급Ⅱ
292,弱,약할 약,10,"弓(활궁, 3획)",6급Ⅱ,5급Ⅱ
293,藥,약 약,19,"艹(초두머리, 4획)",6급Ⅱ,5급Ⅱ
294,養,기를 양,15,"食(밥식, 9획)",5급Ⅱ,4급Ⅱ
295,洋,큰바다 양,9,"氵(삼수변, 3획)",6급,5급
296,陽,볕 양,12,"阝(좌부변, 3획)",6급,5급
297,漁,고기잡을 어,14,"氵(삼수변, 3획)",5급,4급
298,魚,고기 | 물고기 어,11,"魚(고기어, 11획)",5급,4급
299,語,말씀 어,14,"言(말씀언, 7획)",7급,6급
300,億,억 억,15,"亻(사람인변, 2획)",5급,4급
301,言,말씀 언,7,"言(말씀언, 7획)",6급,5급
302,業,업 업,13,"木(나무목, 4획)",6급Ⅱ,5급Ⅱ
303,然,그럴 연,12,"灬(연화발, 4획)",7급,6급
304,熱,더울 열,15,"灬(연화발, 4획)",5급,4급
305,葉,잎 엽,13,"艹(초두머리, 4획)",5급,4급
306,永,길 영,5,"水(물수, 4획)",6급,5급
307,英,꽃부리 영,9,"艹(초두머리, 4획)",6급,5급
308,午,낮 오,4,"十(열십, 2획)",7급Ⅱ,6급
309,五,다섯 오,4,"二(두이, 2획)",8급,6급Ⅱ
310,屋,집 옥,9,"尸(주검시, 3획)",5급,4급
311,溫,따뜻할 온,13,"氵(삼수변, 3획)",6급,5급
312,完,완전할 완,7,"宀(갓머리, 3획)",5급,4급
313,王,임금 왕,4,"王(구슬옥변, 4획)",8급,6급Ⅱ
314,外,바깥 외,5,"夕(저녁석, 3획)",8급,6급Ⅱ
315,曜,빛날 요,18,"日(날일, 4획)",5급,4급
316,要,요긴할 요,9,"襾(덮을아, 6획)",5급Ⅱ,4급Ⅱ
317,浴,목욕할 욕,10,"氵(삼수변, 3획)",5급,4급
318,勇,날랠 용,9,"力(힘력, 2획)",6급Ⅱ,5급Ⅱ
319,用,쓸 용,5,"用(쓸용, 5획)",6급Ⅱ,5급Ⅱ
320,牛,소 우,4,"牛(소우, 4획)",5급,4급
321,友,벗 우,4,"又(또우, 2획)",5급Ⅱ,4급Ⅱ
322,雨,비 우,8,"雨(비우, 8획)",5급Ⅱ,4급Ⅱ
323,右,오를 | 오른 우,5,"口(입구, 3획)",7급Ⅱ,6급
324,雲,구름 운,12,"雨(비우, 8획)",5급Ⅱ,4급Ⅱ
325,運,옮길 운,13,"辶(책받침, 4획)",6급Ⅱ,5급Ⅱ
326,雄,수컷 웅,12,"隹(새추, 8획)",5급,4급
327,原,언덕 원,10,"厂(민엄호, 2획)",5급,4급
328,院,집 원,10,"阝(좌부변, 3획)",5급,4급
329,願,원할 원,19,"頁(머리혈, 9획)",5급,4급
330,元,으뜸 원,4,"儿(어진사람인발, 2획)",5급Ⅱ,4급Ⅱ
331,園,동산 원,13,"囗(큰입구, 3획)",6급,5급
332,遠,멀 원,14,"辶(책받침, 4획)",6급,5급
333,月,달 월,4,"月(달월, 4획)",8급,6급Ⅱ
334,位,자리 위,7,"亻(사람인변, 2획)",5급,4급
335,偉,클 위,11,"亻(사람인변, 2획)",5급Ⅱ,4급Ⅱ
336,油,기름 유,8,"氵(삼수변, 3획)",6급,5급
337,由,말미암을 유,5,"田(밭전, 5획)",6급,5급
338,有,있을 유,6,"月(달월, 4획)",7급,6급
339,育,기를 육,8,"月(육달월, 4획)",7급,6급
340,銀,은 은,14,"金(쇠금, 8획)",6급,5급
341,音,소리 음,9,"音(소리음, 9획)",6급Ⅱ,5급Ⅱ
342,飮,마실 음,13,"飠(밥식변, 9획)",6급Ⅱ,5급Ⅱ
343,邑,고을 읍,7,"邑(고을읍, 7획)",7급,6급
344,意,뜻 의,13,"心(마음심, 4획)",6급Ⅱ,5급Ⅱ
345,衣,옷 의,6,"衣(옷의, 6획)",6급,5급
346,醫,의원 의,18,"酉(닭유, 7획)",6급,5급
347,耳,귀 이,6,"耳(귀이, 6획)",5급,4급
348,以,써 이,5,"人(사람인, 2획)",5급Ⅱ,4급Ⅱ
349,二,두 이,2,"二(두이, 2획)",8급,6급Ⅱ
350,因,인할 인,6,"囗(큰입구, 3획)",5급,4급
351,人,사람 인,2,"人(사람인, 2획)",8급,6급Ⅱ
352,一,한 일,1,"一(한일, 1획)",8급,6급Ⅱ
353,日,날 일,4,"日(날일, 4획)",8급,6급Ⅱ
354,任,맡길 임,6,"亻(사람인변, 2획)",5급Ⅱ,4급Ⅱ
355,入,들 입,2,"入(들입, 2획)",7급,6급
356,者,놈 자,9,"耂(늙을로엄, 4획)",6급,5급
357,字,글자 자,6,"子(아들자, 3획)",7급,6급
358,子,아들 자,3,"子(아들자, 3획)",7급Ⅱ,6급
359,自,스스로 자,6,"自(스스로자, 6획)",7급Ⅱ,6급
360,作,지을 작,7,"亻(사람인변, 2획)",6급Ⅱ,5급Ⅱ
361,昨,어제 작,9,"日(날일, 4획)",6급Ⅱ,5급Ⅱ
362,章,글 장,11,"立(설립, 5획)",6급,5급
363,場,마당 장,12,"土(흙토, 3획)",7급Ⅱ,6급
364,長,긴 장,8,"長(길장, 8획)",8급,6급Ⅱ
365,再,두 재,6,"冂(멀경, 2획)",5급,4급
366,災,재앙 재,7,"火(불화, 4획)",5급,4급
367,材,재목 재,7,"木(나무목, 4획)",5급Ⅱ,4급Ⅱ
368,財,재물 재,10,"貝(조개패, 7획)",5급Ⅱ,4급Ⅱ
369,在,있을 재,6,"土(흙토, 3획)",6급,5급
370,才,재주 재,3,"扌(재방변, 3획)",6급Ⅱ,5급Ⅱ
371,爭,다툴 쟁,8,"爫(손톱조, 4획)",5급,4급
372,貯,쌓을 저,12,"貝(조개패, 7획)",5급,4급
373,赤,붉을 적,7,"赤(붉을적, 7획)",5급,4급
374,的,과녁 적,8,"白(흰백, 5획)",5급Ⅱ,4급Ⅱ
375,傳,전할 전,13,"亻(사람인변, 2획)",5급Ⅱ,4급Ⅱ
376,典,법 전,8,"八(여덟팔, 2획)",5급Ⅱ,4급Ⅱ
377,展,펼 전,10,"尸(주검시, 3획)",5급Ⅱ,4급Ⅱ
378,戰,싸움 전,16,"戈(창과, 4획)",6급Ⅱ,5급Ⅱ
379,全,온전 전,6,"入(들입, 2획)",7급Ⅱ,6급
380,前,앞 전,9,"刂(선칼도방, 2획)",7급Ⅱ,6급
381,電,번개 전,13,"雨(비우, 8획)",7급Ⅱ,6급
382,切,끊을 절 | 온통 체,4,"刀(칼도, 2획)",5급Ⅱ,4급Ⅱ
383,節,마디 절,15,"竹(대죽, 6획)",5급Ⅱ,4급Ⅱ
384,店,가게 점,8,"广(엄호, 3획)",5급Ⅱ,4급Ⅱ
385,停,머무를 정,11,"亻(사람인변, 2획)",5급,4급
386,情,뜻 정,11,"忄(심방변, 3획)",5급Ⅱ,4급Ⅱ
387,定,정할 정,8,"宀(갓머리, 3획)",6급,5급
388,庭,뜰 정,10,"广(엄호, 3획)",6급Ⅱ,5급Ⅱ
389,正,바를 정,5,"止(그칠지, 4획)",7급Ⅱ,6급
390,第,차례 제,11,"竹(대죽, 6획)",6급Ⅱ,5급Ⅱ
391,題,제목 제,18,"頁(머리혈, 9획)",6급Ⅱ,5급Ⅱ
392,弟,아우 제,7,"弓(활궁, 3획)",8급,6급Ⅱ
393,操,잡을 조,16,"扌(재방변, 3획)",5급,4급
394,調,고를 조,15,"言(말씀언, 7획)",5급Ⅱ,4급Ⅱ
395,朝,아침 조,12,"月(달월, 4획)",6급,5급
396,祖,할아비 조,10,"示(보일시, 5획)",7급,6급
397,族,겨레 족,11,"方(모방, 4획)",6급,5급
398,足,발 족,7,"足(발족, 7획)",7급Ⅱ,6급
399,卒,마칠 졸,8,"十(열십, 2획)",5급Ⅱ,4급Ⅱ
400,終,마칠 종,11,"糸(실사, 6획)",5급,4급
401,種,씨 종,14,"禾(벼화, 5획)",5급Ⅱ,4급Ⅱ
402,左,왼 좌,5,"工(장인공, 3획)",7급Ⅱ,6급
403,罪,허물 죄,13,"罒(그물망머리, 5획)",5급,4급
404,州,고을 주,6,"川(내천, 3획)",5급Ⅱ,4급Ⅱ
405,週,주일 주,12,"辶(책받침, 4획)",5급Ⅱ,4급Ⅱ
406,晝,낮 주,11,"日(날일, 4획)",6급,5급
407,注,부을 주,8,"氵(삼수변, 3획)",6급Ⅱ,5급Ⅱ
408,主,주인 | 임금 주,5,"丶(점주, 1획)",7급,6급
409,住,살 주,7,"亻(사람인변, 2획)",7급,6급
410,重,무거울 중,9,"里(마을리, 7획)",7급,6급
411,中,가운데 중,4,"丨(위아래로통할곤, 1획)",8급,6급Ⅱ
412,止,그칠 지,4,"止(그칠지, 4획)",5급,4급
413,知,알 지,8,"矢(화살시, 5획)",5급Ⅱ,4급Ⅱ
414,地,따 지,6,"土(흙토, 3획)",7급,6급
415,紙,종이 지,10,"糸(실사, 6획)",7급,6급
416,直,곧을 직,8,"目(눈목, 5획)",7급Ⅱ,6급
417,質,바탕 질,15,"貝(조개패, 7획)",5급Ⅱ,4급Ⅱ
418,集,모을 집,12,"隹(새추, 8획)",6급Ⅱ,5급Ⅱ
419,着,붙을 착,12,"羊(양양, 5획)",5급Ⅱ,4급Ⅱ
420,參,참여할 참,11,"厶(마늘모, 2획)",5급Ⅱ,4급Ⅱ
421,唱,부를 창,11,"口(입구, 3획)",5급,4급
422,窓,창 창,11,"穴(구멍혈, 5획)",6급Ⅱ,5급Ⅱ
423,責,꾸짖을 책,11,"貝(조개패, 7획)",5급Ⅱ,4급Ⅱ
424,千,일천 천,3,"十(열십, 2획)",7급,6급
425,天,하늘 천,4,"大(큰대, 3획)",7급,6급
426,川,내 천,3,"川(내천, 3획)",7급,6급
427,鐵,쇠 철,21,"金(쇠금, 8획)",5급,4급
428,淸,맑을 청,11,"氵(삼수변, 3획)",6급Ⅱ,5급Ⅱ
429,靑,푸를 청,8,"靑(푸를청, 8획)",8급,6급Ⅱ
430,體,몸 체,23,"骨(뼈골, 10획)",6급Ⅱ,5급Ⅱ
431,初,처음 초,7,"刀(칼도, 2획)",5급,4급
432,草,풀 초,10,"艹(초두머리, 4획)",7급,6급
433,村,마을 촌,7,"木(나무목, 4획)",7급,6급
434,寸,마디 촌,3,"寸(마디촌, 3획)",8급,6급Ⅱ
435,最,가장 최,12,"曰(가로왈, 4획)",5급,4급
436,秋,가을 추,9,"禾(벼화, 5획)",7급,6급
437,祝,빌 축,10,"示(보일시, 5획)",5급,4급
438,春,봄 춘,9,"日(날일, 4획)",7급,6급
439,出,날 출,5,"凵(위튼입구, 2획)",7급,6급
440,充,채울 충,6,"儿(어진사람인발, 2획)",5급Ⅱ,4급Ⅱ
441,致,이를 치,10,"至(이를지, 6획)",5급,4급
442,則,법칙 칙,9,"刂(선칼도방, 2획)",5급,4급
443,親,친할 친,16,"見(볼견, 7획)",6급,5급
444,七,일곱 칠,2,"一(한일, 1획)",8급,6급Ⅱ
445,他,다를 타,5,"亻(사람인변, 2획)",5급,4급
446,打,칠 타,5,"扌(재방변, 3획)",5급,4급
447,卓,높을 탁,8,"十(열십, 2획)",5급,4급
448,炭,숯 탄,9,"火(불화, 4획)",5급,4급
449,太,클 태,4,"大(큰대, 3획)",6급,5급
450,宅,집 택,6,"宀(갓머리, 3획)",5급Ⅱ,4급Ⅱ
451,土,흙 토,3,"土(흙토, 3획)",8급,6급Ⅱ
452,通,통할 통,11,"辶(책받침, 4획)",6급,5급
453,特,특별할 특,10,"牛(소우, 4획)",6급,5급
454,板,널 판,8,"木(나무목, 4획)",5급,4급
455,八,여덟 팔,2,"八(여덟팔, 2획)",8급,6급Ⅱ
456,敗,패할 패,11,"攵(등글월문, 4획)",5급,4급
457,便,편할 편 | 똥오줌 변,9,"亻(사람인변, 2획)",7급,6급
458,平,평평할 평,5,"干(방패간, 3획)",7급Ⅱ,6급
459,表,겉 표,8,"衣(옷의, 6획)",6급Ⅱ,5급Ⅱ
460,品,물건 품,9,"口(입구, 3획)",5급Ⅱ,4급Ⅱ
461,風,바람 풍,9,"風(바람풍, 9획)",6급Ⅱ,5급Ⅱ
462,必,반드시 필,5,"心(마음심, 4획)",5급Ⅱ,4급Ⅱ
463,筆,붓 필,12,"竹(대죽, 6획)",5급Ⅱ,4급Ⅱ
464,河,물 하,8,"氵(삼수변, 3획)",5급,4급
465,下,아래 하,3,"一(한일, 1획)",7급Ⅱ,6급
466,夏,여름 하,10,"夊(천천히걸을쇠, 3획)",7급,6급
467,學,배울 학,16,"子(아들자, 3획)",8급,6급Ⅱ
468,寒,찰 한,12,"宀(갓머리, 3획)",5급,4급
469,漢,한수 | 한나라 한,14,"氵(삼수변, 3획)",7급Ⅱ,6급
470,韓,한국 | 나라 한,17,"韋(다룸가죽위, 9획)",8급,6급Ⅱ
471,合,합할 합,6,"口(입구, 3획)",6급,5급
472,害,해할 해,10,"宀(갓머리, 3획)",5급Ⅱ,4급Ⅱ
473,海,바다 해,10,"氵(삼수변, 3획)",7급Ⅱ,6급
474,行,다닐 행 | 항렬 항,6,"行(갈행, 6획)",6급,5급
475,幸,다행 행,8,"干(방패간, 3획)",6급Ⅱ,5급Ⅱ
476,向,향할 향,6,"口(입구, 3획)",6급,5급
477,許,허락할 허,11,"言(말씀언, 7획)",5급,4급
478,現,나타날 현,11,"王(구슬옥변, 4획)",6급Ⅱ,5급Ⅱ
479,形,모양 형,7,"彡(삐친석삼, 3획)",6급Ⅱ,5급Ⅱ
480,兄,형 형,5,"儿(어진사람인발, 2획)",8급,6급Ⅱ
481,湖,호수 호,12,"氵(삼수변, 3획)",5급,4급
482,號,이름 호,13,"虍(범호엄, 6획)",6급,5급
483,化,될 화,4,"匕(비수비, 2획)",5급Ⅱ,4급Ⅱ
484,和,화할 화,8,"口(입구, 3획)",6급Ⅱ,5급Ⅱ
485,畫,그림 화,12,"田(밭전, 5획)",6급,5급
486,花,꽃 화,8,"艹(초두머리, 4획)",7급,6급
487,話,말씀 화,13,"言(말씀언, 7획)",7급Ⅱ,6급
488,火,불 화,4,"火(불화, 4획)",8급,6급Ⅱ
489,患,근심 환,11,"心(마음심, 4획)",5급,4급
490,活,살 활,9,"氵(삼수변, 3획)",7급Ⅱ,6급
491,黃,누를 황,12,"黃(누를황, 12획)",6급,5급
492,會,모일 회,13,"曰(가로왈, 4획)",6급Ⅱ,5급Ⅱ
493,效,본받을 효,10,"攵(등글월문, 4획)",5급Ⅱ,4급Ⅱ
494,孝,효도 효,7,"子(아들자, 3획)",7급Ⅱ,6급
495,後,뒤 후,9,"彳(두인변, 3획)",7급Ⅱ,6급
496,訓,가르칠 훈,10,"言(말씀언, 7획)",6급,5급
497,休,쉴 휴,6,"亻(사람인변, 2획)",7급,6급
498,凶,흉할 흉,4,"凵(위튼입구, 2획)",5급Ⅱ,4급Ⅱ
499,黑,검을 흑,12,"黑(검을흑, 12획)",5급,4급
